{"designerVersion":"1.1.7","id":"customTraceError","name":"traceError","lastUpdate":1450442088303,"template":"<div class=\"alert alert-danger\" ng-show=\"properties.value.$invalid\">\n    <div ng-repeat=\"(index, value) in myErrors\">\n            <ul>\n                <li>Widget en erreur : <b>{{getLabel(value.$name)}}</b>\n                    <ul>\n                        <li ng-if='(value.$viewValue !== null) && (value.$viewValue !== \"\")'>Mauvaise valeur : {{value.$viewValue}}</li>\n                    </ul>\n                </li>\n            </ul>\n    <div>\n</div>","controller":"function ($scope, $log, widgetNameFactory, $document) {\n    $scope.filterDoublon = function(requireds){\n        var tabReturn = [];\n        var old = null;\n        for(var indice in requireds){\n            var item = requireds[indice];\n            if((old !== null) && (item.$name === old)){\n                //skip\n            }else{\n                old = item.$name;\n                tabReturn.push(item);\n            }\n        }\n        \n        return tabReturn;\n    }\n    \n    $scope.$watch(angular.bind(this, function () {\n        $scope.myErrors = $scope.filterDoublon($scope.properties.value.$error.required);\n    }), function (newVal, oldVal) {\n        // now we will pickup changes to newVal and oldVal\n    });\n    \n    $scope.getLabel = function(key){\n        var strlabel = \"prout\";\n        var selector = document.getElementsByName(key)[0].parentNode.parentNode;\n        var label = selector.querySelector('label');\n        if(label === null){\n            //DatePicker\n            selector = selector.parentNode;\n            label = selector.querySelector('label');\n            if(label.classList.contains('control-label')){\n                strlabel = label.innerHTML;\n            }\n        }else if(label.classList.contains('control-label')){\n            strlabel = label.innerHTML;\n        } else if(selector.classList.contains('checkbox')){\n            //checkbox\n            strlabel = label.textContent;\n        }else if(selector.classList.contains('radio')){\n            //radio\n            selector = selector.parentNode.parentNode;\n            label = selector.querySelector('label');\n            strlabel = label.innerHTML;\n        }\n        return strlabel;\n    }\n}","custom":true,"properties":[{"label":"Value","name":"value","type":"text","bond":"variable"}],"assets":[]}