{"designerVersion":"1.1.7","id":"pbDatePicker","name":"Date Picker","lastUpdate":1450435283604,"template":"<div ng-class=\"{\n    'form-horizontal': properties.labelPosition === 'left' && !properties.labelHidden,\n    'row': properties.labelPosition === 'top' && !properties.labelHidden || properties.labelHidden\n    }\">\n    <div class=\"form-group\">\n        <label\n            ng-if=\"!properties.labelHidden\"\n            ng-class=\"{ 'control-label--required': properties.required }\"\n            class=\"control-label col-xs-{{ !properties.labelHidden && properties.labelPosition === 'left' ? properties.labelWidth : 12 }}\">\n            {{ properties.label | uiTranslate }}\n        </label>\n\n        <div\n            class=\"col-xs-{{ 12 - (!properties.labelHidden && properties.labelPosition === 'left' ? properties.labelWidth : 0) }}\">\n            <p class=\"input-group\">\n                <input type=\"text\" class=\"form-control\"\n                       ng-click=\"ctrl.open($event)\"\n                       datepicker-popup=\"{{ properties.dateFormat | uiTranslate }}\"\n                       name=\"{{ctrl.name}}\"\n                       ng-model=\"properties.value\"\n                       ng-change=\"ctrl.floorDate()\"\n                       is-open=\"ctrl.opened\"\n                       datepicker-options=\"ctrl.datepickerOptions\"\n                       placeholder=\"{{ properties.placeholder | uiTranslate }}\"\n                       ng-required=\"properties.required\"\n                       show-button-bar=\"false\"\n                       ng-class=\"{ 'Datepicker--enabled': !properties.readOnly}\"\n                       readonly />\n\n                <span class=\"input-group-btn\">\n                    <button type=\"button\" class=\"btn btn-default\"\n                            ng-click=\"ctrl.open($event)\"\n                            ng-disabled=\"properties.readOnly\">\n                        <i class=\"glyphicon glyphicon-calendar\"></i>\n                    </button>\n                </span>\n            </p>\n            <div ng-messages=\"$form[ctrl.name].$dirty && $form[ctrl.name].$error \"\n                 ng-messages-include=\"forms-generic-errors.html\" role=\"alert\"></div>\n        </div>\n    </div>\n</div>\n","icon":"<svg xmlns='http://www.w3.org/2000/svg' viewBox='0 0 50 20'><path fill='#fff' d='M0 0v20h50V0H0zm49 19H1V1h48v18z'/><path fill='#CBD5E1' d='M32 6v2h-3V6h-1v2h-3V6h-1v2h-3V6h-1v2h-3v1h3v2h-3v1h3v2h-3v1h3v2h1v-2h3v2h1v-2h3v2h1v-2h3v2h1V6h-1zm-4 3v2h-3V9h3zm-7 0h3v2h-3V9zm0 5v-2h3v2h-3zm4 0v-2h3v2h-3zm7 0h-3v-2h3v2zm0-3h-3V9h3v2z'/><path fill='#fff' d='M21 9h3v2h-3z'/><path fill='#fff' d='M31 4V2h-2v2h-8V2h-2v2h-3v14h18V4h-3zm2 13H17V6h16v11z'/></svg>","controller":"function PbDatePickerCtrl($scope, $log, widgetNameFactory) {\n\n  'use strict';\n\n  //By default the picker is closed\n  this.opened = false;\n\n  this.datepickerOptions = {\n    startingDay: 1\n  };\n\n  this.today = function() {\n    $scope.properties.value = new Date();\n    this.floorDate();\n  };\n\n  this.open = function($event) {\n    $event.preventDefault();\n    $event.stopPropagation();\n    if (!$scope.properties.readOnly) {\n      this.opened = true;\n    }\n  };\n\n  this.floorDate = function() {\n    if (angular.isDate($scope.properties.value)) {\n      $scope.properties.value.setTime(Date.UTC($scope.properties.value.getFullYear(), $scope.properties.value.getMonth(), $scope.properties.value.getDate(), 0, 0, 0, 0));\n    }\n  };\n\n  this.name = widgetNameFactory.getName('pbDatepicker');\n\n  if (!$scope.properties.isBound('value')) {\n    $log.error('the pbDatepicker property named \"value\" need to be bound to a variable');\n  }\n\n\n}\n","description":"Calendar for selecting a date","custom":false,"order":9,"properties":[{"label":"Read-only","name":"readOnly","type":"boolean","defaultValue":false,"bond":"expression"},{"label":"Required","name":"required","help":"In the context of a form container, use $form.$invalid as a Boolean to check form validity in a widget property","type":"boolean","defaultValue":false,"bond":"expression"},{"label":"Label hidden","name":"labelHidden","type":"boolean","defaultValue":false,"bond":"constant"},{"label":"Label","name":"label","showFor":"properties.labelHidden.value === false","type":"text","defaultValue":"Date","bond":"interpolation"},{"label":"Label position","name":"labelPosition","showFor":"properties.labelHidden.value === false","type":"choice","defaultValue":"top","choiceValues":["left","top"],"bond":"constant"},{"label":"labelWidth","name":"labelWidth","showFor":"properties.labelHidden.value === false","type":"integer","defaultValue":4,"bond":"constant","constraints":{"min":"1","max":"12"}},{"label":"Placeholder","name":"placeholder","help":"Short hint that describes the expected value","type":"text","defaultValue":"MM/dd/yyyy","bond":"interpolation"},{"label":"Value","name":"value","type":"text","bond":"variable"},{"label":"Date format","name":"dateFormat","caption":"y: year, M: month, d: day, h: hour, m: minute, s: second","help":"Specify your own format","type":"text","defaultValue":"MM/dd/yyyy","bond":"expression"}],"assets":[],"requiredModules":["ui.bootstrap"]}