{"designerVersion":"1.2.19","favorite":false,"id":"ec0b4603-1d75-4929-8e59-94a99d3b92ae","name":"debounceThrottle","type":"page","lastUpdate":1468579779562,"rows":[[{"type":"component","dimension":{"xs":12,"sm":12,"md":12,"lg":12},"propertyValues":{"cssClasses":{"type":"constant","value":""},"hidden":{"type":"constant","value":false},"required":{"type":"constant","value":false},"minLength":{"type":"constant","value":""},"maxLength":{"type":"constant","value":""},"readOnly":{"type":"constant","value":false},"labelHidden":{"type":"constant","value":false},"label":{"type":"interpolation","value":"Normal"},"labelPosition":{"type":"constant","value":"top"},"labelWidth":{"type":"constant","value":4},"placeholder":{"type":"interpolation"},"value":{"type":"variable","value":"myVariable"},"type":{"type":"constant","value":"text"},"min":{"type":"constant"},"max":{"type":"constant"}},"reference":"a2fe193c-42fc-46ed-94da-d0d026f1d250","id":"pbInput"}],[{"type":"component","dimension":{"xs":12,"sm":12,"md":12,"lg":12},"propertyValues":{"cssClasses":{"type":"constant","value":""},"hidden":{"type":"constant","value":false},"required":{"type":"constant","value":false},"minLength":{"type":"constant","value":""},"maxLength":{"type":"constant","value":""},"readOnly":{"type":"constant","value":false},"labelHidden":{"type":"constant","value":false},"label":{"type":"interpolation","value":"Debounce"},"labelPosition":{"type":"constant","value":"top"},"labelWidth":{"type":"constant","value":4},"placeholder":{"type":"interpolation"},"value":{"type":"variable","value":"myVariable"},"type":{"type":"constant","value":"text"},"min":{"type":"constant"},"max":{"type":"constant"},"delay":{"type":"constant","value":1000}},"reference":"1c1bf93a-6116-488c-8ca5-2c4f74dd9b30","id":"customInputDebounce"}],[{"type":"component","dimension":{"xs":12,"sm":12,"md":12,"lg":12},"propertyValues":{"cssClasses":{"type":"constant","value":""},"hidden":{"type":"constant","value":false},"required":{"type":"constant","value":false},"minLength":{"type":"constant","value":""},"maxLength":{"type":"constant","value":""},"readOnly":{"type":"constant","value":false},"labelHidden":{"type":"constant","value":false},"label":{"type":"interpolation","value":"Throttle"},"labelPosition":{"type":"constant","value":"top"},"labelWidth":{"type":"constant","value":4},"placeholder":{"type":"interpolation"},"value":{"type":"variable","value":"myVariable"},"type":{"type":"constant","value":"text"},"min":{"type":"constant"},"max":{"type":"constant"},"delay":{"type":"constant","value":200}},"reference":"4d843f08-b14c-45dd-876e-0ede9a314d4f","id":"customInputThrottle"}],[{"type":"component","dimension":{"xs":12,"sm":12,"md":12,"lg":12},"propertyValues":{"cssClasses":{"type":"constant","value":""},"hidden":{"type":"constant","value":false},"text":{"type":"interpolation","value":"<pre>{{myVariable}}</pre>"},"alignment":{"type":"constant","value":"left"}},"reference":"44699591-e9f5-427a-b50f-6e3488d6fc14","id":"pbText"}]],"assets":[{"id":"e8d9ec85-d250-42c6-8c2b-3cfffa04b389","name":"localization.json","type":"json","order":0,"active":true,"external":false}],"inactiveAssets":[],"data":{"myVariable":{"type":"constant","value":"hello","exposed":false},"record":{"type":"expression","value":"if($data.myVariable){\n    console.log(\"trace\");\n}","exposed":false}}}