{"designerVersion":"1.4.26","id":"3b574fbf-22ca-4c4d-86bf-60e336bbb1db","name":"testAutoComplete","type":"page","lastUpdate":1489152798059,"rows":[[{"type":"formContainer","dimension":{"xs":12,"sm":12,"md":12,"lg":12},"propertyValues":{"cssClasses":{"type":"constant","value":""},"hidden":{"type":"constant","value":false}},"reference":"2d517602-1cf3-4914-b963-cb5c9022af09","container":{"type":"container","dimension":{"xs":12},"propertyValues":{},"reference":"7d523566-145c-497c-90ff-1956bdb2fc8c","rows":[[{"type":"component","dimension":{"xs":12,"sm":12,"md":12,"lg":12},"propertyValues":{"cssClasses":{"type":"constant","value":""},"hidden":{"type":"constant","value":false},"readOnly":{"type":"constant","value":false},"required":{"type":"constant","value":true},"labelHidden":{"type":"constant","value":false},"label":{"type":"interpolation","value":"Default name"},"labelPosition":{"type":"constant","value":"top"},"labelWidth":{"type":"constant","value":4},"placeholder":{"type":"interpolation"},"availableValues":{"type":"expression","value":"datas"},"displayedKey":{"type":"constant","value":"libelleFR"},"value":{"type":"variable","value":"result.value"},"numrow":{"type":"constant","value":"5"},"delay":{"type":"constant","value":200}},"reference":"5bcf70f2-e7e1-450c-b695-7bb855da11a7","id":"customAutocomplete"}],[{"type":"component","dimension":{"xs":12,"sm":12,"md":12,"lg":12},"propertyValues":{"cssClasses":{"type":"constant","value":""},"hidden":{"type":"constant","value":false},"disabled":{"type":"expression","value":"$form.$invalid"},"label":{"type":"interpolation","value":"Submit"},"alignment":{"type":"constant","value":"left"},"buttonStyle":{"type":"constant","value":"default"},"action":{"type":"constant","value":"Submit task"},"url":{"type":"interpolation"},"dataToSend":{"type":"constant"},"dataFromSuccess":{"type":"variable"},"dataFromError":{"type":"variable"},"targetUrlOnSuccess":{"type":"interpolation"},"collectionToModify":{"type":"variable"},"collectionPosition":{"type":"constant","value":"Last"},"valueToAdd":{"type":"constant"},"removeItem":{"type":"variable"}},"reference":"c31e64a8-bf0a-4093-9bd0-336e862bea45","id":"pbButton"}]]}}],[{"type":"component","dimension":{"xs":12,"sm":12,"md":12,"lg":12},"propertyValues":{"cssClasses":{"type":"constant","value":""},"hidden":{"type":"constant","value":false},"text":{"type":"interpolation","value":"result: <pre>{{result|json}}</pre>\n\n\n<br>1 - Recherche accent => ok\n<br>2 - Recherche sur traduit => ok\n<br>3 - order traduit => ok\n<br>4 - retour origine => ok\n<br>5 - bloquer saisie libre => ok\n<br>6 - Message => ok"},"alignment":{"type":"constant","value":"left"}},"reference":"9e8a74f6-948d-4133-992a-49ede902c808","id":"pbText"}]],"assets":[{"id":"7be294ce-cfbf-44df-bf73-5e5a38140e11","name":"localization.json","type":"json","order":0,"external":false}],"inactiveAssets":[],"data":{"datas":{"type":"json","value":"[{\r\n    \"idRefPays\": \"710\",\r\n    \"libelleFR\": \"Afrique du sud\"\r\n}, {\r\n    \"idRefPays\": \"008\",\r\n    \"libelleFR\": \"Albanie\"\r\n}, {\r\n    \"idRefPays\": \"012\",\r\n    \"libelleFR\": \"Algérie\"\r\n}, {\r\n    \"idRefPays\": \"276\",\r\n    \"libelleFR\": \"Allemagne\"\r\n}, {\r\n    \"idRefPays\": \"020\",\r\n    \"libelleFR\": \"Andorre\"\r\n}, {\r\n    \"idRefPays\": \"024\",\r\n    \"libelleFR\": \"Angola\"\r\n}, {\r\n    \"idRefPays\": \"660\",\r\n    \"libelleFR\": \"Anguilla\"\r\n}, {\r\n    \"idRefPays\": \"028\",\r\n    \"libelleFR\": \"Antigua-et-Barbuda\"\r\n}, {\r\n    \"idRefPays\": \"682\",\r\n    \"libelleFR\": \"Arabie Saoudite\"\r\n}, {\r\n    \"idRefPays\": \"032\",\r\n    \"libelleFR\": \"Argentine\"\r\n}, {\r\n    \"idRefPays\": \"051\",\r\n    \"libelleFR\": \"Arménie\"\r\n}, {\r\n    \"idRefPays\": \"533\",\r\n    \"libelleFR\": \"Aruba\"\r\n}, {\r\n    \"idRefPays\": \"036\",\r\n    \"libelleFR\": \"Australie\"\r\n}, {\r\n    \"idRefPays\": \"040\",\r\n    \"libelleFR\": \"Autriche\"\r\n}, {\r\n    \"idRefPays\": \"031\",\r\n    \"libelleFR\": \"Azerbaïdjan\"\r\n}, {\r\n    \"idRefPays\": \"044\",\r\n    \"libelleFR\": \"Bahamas\"\r\n}, {\r\n    \"idRefPays\": \"048\",\r\n    \"libelleFR\": \"Bahreïn\"\r\n}, {\r\n    \"idRefPays\": \"050\",\r\n    \"libelleFR\": \"Bangladesh\"\r\n}, {\r\n    \"idRefPays\": \"052\",\r\n    \"libelleFR\": \"Barbade\"\r\n}, {\r\n    \"idRefPays\": \"056\",\r\n    \"libelleFR\": \"Belgique\"\r\n}, {\r\n    \"idRefPays\": \"084\",\r\n    \"libelleFR\": \"Belize\"\r\n}, {\r\n    \"idRefPays\": \"060\",\r\n    \"libelleFR\": \"Bermudes\"\r\n}, {\r\n    \"idRefPays\": \"064\",\r\n    \"libelleFR\": \"Bhoutan\"\r\n}, {\r\n    \"idRefPays\": \"104\",\r\n    \"libelleFR\": \"Birmanie\"\r\n}, {\r\n    \"idRefPays\": \"112\",\r\n    \"libelleFR\": \"Biélorussie\"\r\n}, {\r\n    \"idRefPays\": \"068\",\r\n    \"libelleFR\": \"Bolivie\"\r\n}, {\r\n    \"idRefPays\": \"070\",\r\n    \"libelleFR\": \"Bosnie-Herzégovine\"\r\n}, {\r\n    \"idRefPays\": \"072\",\r\n    \"libelleFR\": \"Botswana\"\r\n}, {\r\n    \"idRefPays\": \"092\",\r\n    \"libelleFR\": \"British Virgin Islands\"\r\n}, {\r\n    \"idRefPays\": \"096\",\r\n    \"libelleFR\": \"Brunei\"\r\n}, {\r\n    \"idRefPays\": \"076\",\r\n    \"libelleFR\": \"Brésil\"\r\n}, {\r\n    \"idRefPays\": \"100\",\r\n    \"libelleFR\": \"Bulgarie\"\r\n}, {\r\n    \"idRefPays\": \"854\",\r\n    \"libelleFR\": \"Burkina Faso\"\r\n}, {\r\n    \"idRefPays\": \"108\",\r\n    \"libelleFR\": \"Burundi\"\r\n}, {\r\n    \"idRefPays\": \"204\",\r\n    \"libelleFR\": \"Bénin\"\r\n}, {\r\n    \"idRefPays\": \"116\",\r\n    \"libelleFR\": \"Cambodge\"\r\n}, {\r\n    \"idRefPays\": \"120\",\r\n    \"libelleFR\": \"Cameroun\"\r\n}, {\r\n    \"idRefPays\": \"124\",\r\n    \"libelleFR\": \"Canada\"\r\n}, {\r\n    \"idRefPays\": \"132\",\r\n    \"libelleFR\": \"Cap-Vert\"\r\n}, {\r\n    \"idRefPays\": \"152\",\r\n    \"libelleFR\": \"Chili\"\r\n}, {\r\n    \"idRefPays\": \"156\",\r\n    \"libelleFR\": \"Chine\"\r\n}, {\r\n    \"idRefPays\": \"196\",\r\n    \"libelleFR\": \"Chypre\"\r\n}, {\r\n    \"idRefPays\": \"170\",\r\n    \"libelleFR\": \"Colombie\"\r\n}, {\r\n    \"idRefPays\": \"174\",\r\n    \"libelleFR\": \"Comores\"\r\n}, {\r\n    \"idRefPays\": \"408\",\r\n    \"libelleFR\": \"Corée du Nord\"\r\n}, {\r\n    \"idRefPays\": \"410\",\r\n    \"libelleFR\": \"Corée du Sud\"\r\n}, {\r\n    \"idRefPays\": \"188\",\r\n    \"libelleFR\": \"Costa Rica\"\r\n}, {\r\n    \"idRefPays\": \"384\",\r\n    \"libelleFR\": \"Cote D'Ivoire\"\r\n}, {\r\n    \"idRefPays\": \"191\",\r\n    \"libelleFR\": \"Croatie\"\r\n}, {\r\n    \"idRefPays\": \"192\",\r\n    \"libelleFR\": \"Cuba\"\r\n}, {\r\n    \"idRefPays\": \"208\",\r\n    \"libelleFR\": \"Danemark\"\r\n}, {\r\n    \"idRefPays\": \"262\",\r\n    \"libelleFR\": \"Djibouti\"\r\n}, {\r\n    \"idRefPays\": \"212\",\r\n    \"libelleFR\": \"Dominique\"\r\n}, {\r\n    \"idRefPays\": \"818\",\r\n    \"libelleFR\": \"Egypte\"\r\n}, {\r\n    \"idRefPays\": \"784\",\r\n    \"libelleFR\": \"Emirats Arabes Unis\"\r\n}, {\r\n    \"idRefPays\": \"218\",\r\n    \"libelleFR\": \"Equateur\"\r\n}, {\r\n    \"idRefPays\": \"232\",\r\n    \"libelleFR\": \"Erythrée\"\r\n}, {\r\n    \"idRefPays\": \"724\",\r\n    \"libelleFR\": \"Espagne\"\r\n}, {\r\n    \"idRefPays\": \"233\",\r\n    \"libelleFR\": \"Estonie\"\r\n}, {\r\n    \"idRefPays\": \"840\",\r\n    \"libelleFR\": \"Etats-Unis\"\r\n}, {\r\n    \"idRefPays\": \"231\",\r\n    \"libelleFR\": \"Ethiopie\"\r\n}, {\r\n    \"idRefPays\": \"242\",\r\n    \"libelleFR\": \"Fidji\"\r\n}, {\r\n    \"idRefPays\": \"246\",\r\n    \"libelleFR\": \"Finlande\"\r\n}, {\r\n    \"idRefPays\": \"250\",\r\n    \"libelleFR\": \"France\"\r\n}, {\r\n    \"idRefPays\": \"266\",\r\n    \"libelleFR\": \"Gabon\"\r\n}, {\r\n    \"idRefPays\": \"270\",\r\n    \"libelleFR\": \"Gambie\"\r\n}, {\r\n    \"idRefPays\": \"288\",\r\n    \"libelleFR\": \"Ghana\"\r\n}, {\r\n    \"idRefPays\": \"292\",\r\n    \"libelleFR\": \"Gibraltar\"\r\n}, {\r\n    \"idRefPays\": \"308\",\r\n    \"libelleFR\": \"Grenade\"\r\n}, {\r\n    \"idRefPays\": \"304\",\r\n    \"libelleFR\": \"Groenland\"\r\n}, {\r\n    \"idRefPays\": \"300\",\r\n    \"libelleFR\": \"Grèce\"\r\n}, {\r\n    \"idRefPays\": \"312\",\r\n    \"libelleFR\": \"Guadeloupe\"\r\n}, {\r\n    \"idRefPays\": \"316\",\r\n    \"libelleFR\": \"Guam\"\r\n}, {\r\n    \"idRefPays\": \"320\",\r\n    \"libelleFR\": \"Guatémala\"\r\n}, {\r\n    \"idRefPays\": \"226\",\r\n    \"libelleFR\": \"Guinea\"\r\n}, {\r\n    \"idRefPays\": \"324\",\r\n    \"libelleFR\": \"Guinée\"\r\n}, {\r\n    \"idRefPays\": \"624\",\r\n    \"libelleFR\": \"Guinée-Bissau\"\r\n}, {\r\n    \"idRefPays\": \"328\",\r\n    \"libelleFR\": \"Guyana\"\r\n}, {\r\n    \"idRefPays\": \"254\",\r\n    \"libelleFR\": \"Guyane\"\r\n}, {\r\n    \"idRefPays\": \"268\",\r\n    \"libelleFR\": \"Géorgie\"\r\n}, {\r\n    \"idRefPays\": \"332\",\r\n    \"libelleFR\": \"Haïti\"\r\n}, {\r\n    \"idRefPays\": \"340\",\r\n    \"libelleFR\": \"Honduras\"\r\n}, {\r\n    \"idRefPays\": \"344\",\r\n    \"libelleFR\": \"Hong Kong\"\r\n}, {\r\n    \"idRefPays\": \"348\",\r\n    \"libelleFR\": \"Hongrie\"\r\n}, {\r\n    \"idRefPays\": \"162\",\r\n    \"libelleFR\": \"Ile Christmas\"\r\n}, {\r\n    \"idRefPays\": \"833\",\r\n    \"libelleFR\": \"Ile de Man\"\r\n}, {\r\n    \"idRefPays\": \"574\",\r\n    \"libelleFR\": \"Ile Norfolk\"\r\n}, {\r\n    \"idRefPays\": \"136\",\r\n    \"libelleFR\": \"Iles Caïmans\"\r\n}, {\r\n    \"idRefPays\": \"166\",\r\n    \"libelleFR\": \"Iles Cocos\"\r\n}, {\r\n    \"idRefPays\": \"184\",\r\n    \"libelleFR\": \"Iles Cook\"\r\n}, {\r\n    \"idRefPays\": \"234\",\r\n    \"libelleFR\": \"Iles Féroé\"\r\n}, {\r\n    \"idRefPays\": \"238\",\r\n    \"libelleFR\": \"Iles Malouines\"\r\n}, {\r\n    \"idRefPays\": \"580\",\r\n    \"libelleFR\": \"Iles Mariannes du Nord\"\r\n}, {\r\n    \"idRefPays\": \"612\",\r\n    \"libelleFR\": \"Iles Pitcairn\"\r\n}, {\r\n    \"idRefPays\": \"796\",\r\n    \"libelleFR\": \"Iles Turques-et-Caïques\"\r\n}, {\r\n    \"idRefPays\": \"850\",\r\n    \"libelleFR\": \"Iles Vierges des Etats-Unis\"\r\n}, {\r\n    \"idRefPays\": \"356\",\r\n    \"libelleFR\": \"Inde\"\r\n}, {\r\n    \"idRefPays\": \"360\",\r\n    \"libelleFR\": \"Indonésie\"\r\n}, {\r\n    \"idRefPays\": \"368\",\r\n    \"libelleFR\": \"Irak\"\r\n}, {\r\n    \"idRefPays\": \"364\",\r\n    \"libelleFR\": \"Iran\"\r\n}, {\r\n    \"idRefPays\": \"372\",\r\n    \"libelleFR\": \"Irlande\"\r\n}, {\r\n    \"idRefPays\": \"352\",\r\n    \"libelleFR\": \"Islande\"\r\n}, {\r\n    \"idRefPays\": \"376\",\r\n    \"libelleFR\": \"Israël\"\r\n}, {\r\n    \"idRefPays\": \"380\",\r\n    \"libelleFR\": \"Italie\"\r\n}, {\r\n    \"idRefPays\": \"388\",\r\n    \"libelleFR\": \"Jamaïque\"\r\n}, {\r\n    \"idRefPays\": \"392\",\r\n    \"libelleFR\": \"Japon\"\r\n}, {\r\n    \"idRefPays\": \"400\",\r\n    \"libelleFR\": \"Jordanie\"\r\n}, {\r\n    \"idRefPays\": \"398\",\r\n    \"libelleFR\": \"Kazakhstan\"\r\n}, {\r\n    \"idRefPays\": \"404\",\r\n    \"libelleFR\": \"Kenya\"\r\n}, {\r\n    \"idRefPays\": \"417\",\r\n    \"libelleFR\": \"Kirghizistan\"\r\n}, {\r\n    \"idRefPays\": \"296\",\r\n    \"libelleFR\": \"Kiribati\"\r\n}, {\r\n    \"idRefPays\": \"414\",\r\n    \"libelleFR\": \"Koweit\"\r\n}, {\r\n    \"idRefPays\": \"638\",\r\n    \"libelleFR\": \"La Réunion\"\r\n}, {\r\n    \"idRefPays\": \"418\",\r\n    \"libelleFR\": \"Laos\"\r\n}, {\r\n    \"idRefPays\": \"426\",\r\n    \"libelleFR\": \"Lesotho\"\r\n}, {\r\n    \"idRefPays\": \"428\",\r\n    \"libelleFR\": \"Lettonie\"\r\n}, {\r\n    \"idRefPays\": \"422\",\r\n    \"libelleFR\": \"Liban\"\r\n}, {\r\n    \"idRefPays\": \"434\",\r\n    \"libelleFR\": \"Libye\"\r\n}, {\r\n    \"idRefPays\": \"430\",\r\n    \"libelleFR\": \"Libéria\"\r\n}, {\r\n    \"idRefPays\": \"438\",\r\n    \"libelleFR\": \"Liechtenstein\"\r\n}, {\r\n    \"idRefPays\": \"440\",\r\n    \"libelleFR\": \"Lituanie\"\r\n}, {\r\n    \"idRefPays\": \"442\",\r\n    \"libelleFR\": \"Luxembourg\"\r\n}, {\r\n    \"idRefPays\": \"446\",\r\n    \"libelleFR\": \"Macao\"\r\n}, {\r\n    \"idRefPays\": \"807\",\r\n    \"libelleFR\": \"Macédoine\"\r\n}, {\r\n    \"idRefPays\": \"450\",\r\n    \"libelleFR\": \"Madagascar\"\r\n}, {\r\n    \"idRefPays\": \"458\",\r\n    \"libelleFR\": \"Malaisie\"\r\n}, {\r\n    \"idRefPays\": \"454\",\r\n    \"libelleFR\": \"Malawi\"\r\n}, {\r\n    \"idRefPays\": \"462\",\r\n    \"libelleFR\": \"Maldives\"\r\n}, {\r\n    \"idRefPays\": \"466\",\r\n    \"libelleFR\": \"Mali\"\r\n}, {\r\n    \"idRefPays\": \"470\",\r\n    \"libelleFR\": \"Malte\"\r\n}, {\r\n    \"idRefPays\": \"504\",\r\n    \"libelleFR\": \"Maroc\"\r\n}, {\r\n    \"idRefPays\": \"584\",\r\n    \"libelleFR\": \"Marshall\"\r\n}, {\r\n    \"idRefPays\": \"474\",\r\n    \"libelleFR\": \"Martinique\"\r\n}, {\r\n    \"idRefPays\": \"480\",\r\n    \"libelleFR\": \"Maurice\"\r\n}, {\r\n    \"idRefPays\": \"478\",\r\n    \"libelleFR\": \"Mauritanie\"\r\n}, {\r\n    \"idRefPays\": \"175\",\r\n    \"libelleFR\": \"Mayotte\"\r\n}, {\r\n    \"idRefPays\": \"484\",\r\n    \"libelleFR\": \"Mexique\"\r\n}, {\r\n    \"idRefPays\": \"583\",\r\n    \"libelleFR\": \"Micronésie\"\r\n}, {\r\n    \"idRefPays\": \"498\",\r\n    \"libelleFR\": \"Moldavie\"\r\n}, {\r\n    \"idRefPays\": \"492\",\r\n    \"libelleFR\": \"Monaco\"\r\n}, {\r\n    \"idRefPays\": \"496\",\r\n    \"libelleFR\": \"Mongolie\"\r\n}, {\r\n    \"idRefPays\": \"500\",\r\n    \"libelleFR\": \"Montserrat\"\r\n}, {\r\n    \"idRefPays\": \"508\",\r\n    \"libelleFR\": \"Mozambique\"\r\n}, {\r\n    \"idRefPays\": \"516\",\r\n    \"libelleFR\": \"Namibie\"\r\n}, {\r\n    \"idRefPays\": \"520\",\r\n    \"libelleFR\": \"Nauru\"\r\n}, {\r\n    \"idRefPays\": \"558\",\r\n    \"libelleFR\": \"Nicaragua\"\r\n}, {\r\n    \"idRefPays\": \"562\",\r\n    \"libelleFR\": \"Niger\"\r\n}, {\r\n    \"idRefPays\": \"566\",\r\n    \"libelleFR\": \"Nigéria\"\r\n}, {\r\n    \"idRefPays\": \"570\",\r\n    \"libelleFR\": \"Niue\"\r\n}, {\r\n    \"idRefPays\": \"578\",\r\n    \"libelleFR\": \"Norvège\"\r\n}, {\r\n    \"idRefPays\": \"540\",\r\n    \"libelleFR\": \"Nouvelle-Calédonie\"\r\n}, {\r\n    \"idRefPays\": \"554\",\r\n    \"libelleFR\": \"Nouvelle-Zélande\"\r\n}, {\r\n    \"idRefPays\": \"524\",\r\n    \"libelleFR\": \"Népal\"\r\n}, {\r\n    \"idRefPays\": \"512\",\r\n    \"libelleFR\": \"Oman\"\r\n}, {\r\n    \"idRefPays\": \"800\",\r\n    \"libelleFR\": \"Ouganda\"\r\n}, {\r\n    \"idRefPays\": \"860\",\r\n    \"libelleFR\": \"Ouzbekistan\"\r\n}, {\r\n    \"idRefPays\": \"586\",\r\n    \"libelleFR\": \"Pakistan\"\r\n}, {\r\n    \"idRefPays\": \"585\",\r\n    \"libelleFR\": \"Palaos\"\r\n}, {\r\n    \"idRefPays\": \"275\",\r\n    \"libelleFR\": \"Palestine\"\r\n}, {\r\n    \"idRefPays\": \"591\",\r\n    \"libelleFR\": \"Panama\"\r\n}, {\r\n    \"idRefPays\": \"598\",\r\n    \"libelleFR\": \"Papouasie-Nouvelle-Guinée\"\r\n}, {\r\n    \"idRefPays\": \"600\",\r\n    \"libelleFR\": \"Paraguay\"\r\n}, {\r\n    \"idRefPays\": \"528\",\r\n    \"libelleFR\": \"Pays-Bas\"\r\n}, {\r\n    \"idRefPays\": \"608\",\r\n    \"libelleFR\": \"Philippines\"\r\n}, {\r\n    \"idRefPays\": \"616\",\r\n    \"libelleFR\": \"Pologne\"\r\n}, {\r\n    \"idRefPays\": \"258\",\r\n    \"libelleFR\": \"Polynésie française\"\r\n}, {\r\n    \"idRefPays\": \"630\",\r\n    \"libelleFR\": \"Porto Rico\"\r\n}, {\r\n    \"idRefPays\": \"620\",\r\n    \"libelleFR\": \"Portugal\"\r\n}, {\r\n    \"idRefPays\": \"604\",\r\n    \"libelleFR\": \"Pérou\"\r\n}, {\r\n    \"idRefPays\": \"634\",\r\n    \"libelleFR\": \"Qatar\"\r\n}, {\r\n    \"idRefPays\": \"642\",\r\n    \"libelleFR\": \"Roumanie\"\r\n}, {\r\n    \"idRefPays\": \"826\",\r\n    \"libelleFR\": \"Royaume-Uni\"\r\n}, {\r\n    \"idRefPays\": \"643\",\r\n    \"libelleFR\": \"Russie\"\r\n}, {\r\n    \"idRefPays\": \"646\",\r\n    \"libelleFR\": \"Rwanda\"\r\n}, {\r\n    \"idRefPays\": \"140\",\r\n    \"libelleFR\": \"République centrafricaine\"\r\n}, {\r\n    \"idRefPays\": \"214\",\r\n    \"libelleFR\": \"République dominicaine\"\r\n}, {\r\n    \"idRefPays\": \"178\",\r\n    \"libelleFR\": \"République du Congo\"\r\n}, {\r\n    \"idRefPays\": \"203\",\r\n    \"libelleFR\": \"République tchèque\"\r\n}, {\r\n    \"idRefPays\": \"659\",\r\n    \"libelleFR\": \"Saint-Christophe-et-Niévès\"\r\n}, {\r\n    \"idRefPays\": \"674\",\r\n    \"libelleFR\": \"Saint-Marin\"\r\n}, {\r\n    \"idRefPays\": \"666\",\r\n    \"libelleFR\": \"Saint-Pierre-et-Miquelon\"\r\n}, {\r\n    \"idRefPays\": \"670\",\r\n    \"libelleFR\": \"Saint-Vincent-et-les-Grenadines\"\r\n}, {\r\n    \"idRefPays\": \"654\",\r\n    \"libelleFR\": \"Sainte-Hélène, Ascension et Tristan da Cunha\"\r\n}, {\r\n    \"idRefPays\": \"662\",\r\n    \"libelleFR\": \"Sainte-Lucie\"\r\n}, {\r\n    \"idRefPays\": \"090\",\r\n    \"libelleFR\": \"Salomon\"\r\n}, {\r\n    \"idRefPays\": \"222\",\r\n    \"libelleFR\": \"Salvador\"\r\n}, {\r\n    \"idRefPays\": \"882\",\r\n    \"libelleFR\": \"Samoa\"\r\n}, {\r\n    \"idRefPays\": \"016\",\r\n    \"libelleFR\": \"Samoa américaines\"\r\n}, {\r\n    \"idRefPays\": \"678\",\r\n    \"libelleFR\": \"Sao Tomé-et-Principe\"\r\n}, {\r\n    \"idRefPays\": \"690\",\r\n    \"libelleFR\": \"Seychelles\"\r\n}, {\r\n    \"idRefPays\": \"694\",\r\n    \"libelleFR\": \"Sierra Leone\"\r\n}, {\r\n    \"idRefPays\": \"702\",\r\n    \"libelleFR\": \"Singapour\"\r\n}, {\r\n    \"idRefPays\": \"703\",\r\n    \"libelleFR\": \"Slovaquie\"\r\n}, {\r\n    \"idRefPays\": \"705\",\r\n    \"libelleFR\": \"Slovénie\"\r\n}, {\r\n    \"idRefPays\": \"706\",\r\n    \"libelleFR\": \"Somalie\"\r\n}, {\r\n    \"idRefPays\": \"736\",\r\n    \"libelleFR\": \"Soudan\"\r\n}, {\r\n    \"idRefPays\": \"144\",\r\n    \"libelleFR\": \"Sri Lanka\"\r\n}, {\r\n    \"idRefPays\": \"756\",\r\n    \"libelleFR\": \"Suisse\"\r\n}, {\r\n    \"idRefPays\": \"740\",\r\n    \"libelleFR\": \"Suriname\"\r\n}, {\r\n    \"idRefPays\": \"752\",\r\n    \"libelleFR\": \"Suède\"\r\n}, {\r\n    \"idRefPays\": \"744\",\r\n    \"libelleFR\": \"Svalbard et île Jan Mayen\"\r\n}, {\r\n    \"idRefPays\": \"748\",\r\n    \"libelleFR\": \"Swaziland\"\r\n}, {\r\n    \"idRefPays\": \"760\",\r\n    \"libelleFR\": \"Syrie\"\r\n}, {\r\n    \"idRefPays\": \"686\",\r\n    \"libelleFR\": \"Sénégal\"\r\n}, {\r\n    \"idRefPays\": \"762\",\r\n    \"libelleFR\": \"Tadjikistan\"\r\n}, {\r\n    \"idRefPays\": \"834\",\r\n    \"libelleFR\": \"Tanzanie\"\r\n}, {\r\n    \"idRefPays\": \"158\",\r\n    \"libelleFR\": \"Taïwan\"\r\n}, {\r\n    \"idRefPays\": \"148\",\r\n    \"libelleFR\": \"Tchad\"\r\n}, {\r\n    \"idRefPays\": \"764\",\r\n    \"libelleFR\": \"Thailande\"\r\n}, {\r\n    \"idRefPays\": \"626\",\r\n    \"libelleFR\": \"Timor oriental\"\r\n}, {\r\n    \"idRefPays\": \"768\",\r\n    \"libelleFR\": \"Togo\"\r\n}, {\r\n    \"idRefPays\": \"776\",\r\n    \"libelleFR\": \"Tonga\"\r\n}, {\r\n    \"idRefPays\": \"780\",\r\n    \"libelleFR\": \"Trinité-et-Tobago\"\r\n}, {\r\n    \"idRefPays\": \"788\",\r\n    \"libelleFR\": \"Tunisie\"\r\n}, {\r\n    \"idRefPays\": \"795\",\r\n    \"libelleFR\": \"Turkménistan\"\r\n}, {\r\n    \"idRefPays\": \"792\",\r\n    \"libelleFR\": \"Turquie\"\r\n}, {\r\n    \"idRefPays\": \"798\",\r\n    \"libelleFR\": \"Tuvalu\"\r\n}, {\r\n    \"idRefPays\": \"804\",\r\n    \"libelleFR\": \"Ukraine\"\r\n}, {\r\n    \"idRefPays\": \"858\",\r\n    \"libelleFR\": \"Uruguay\"\r\n}, {\r\n    \"idRefPays\": \"548\",\r\n    \"libelleFR\": \"Vanuatu\"\r\n}, {\r\n    \"idRefPays\": \"336\",\r\n    \"libelleFR\": \"Vatican\"\r\n}, {\r\n    \"idRefPays\": \"862\",\r\n    \"libelleFR\": \"Venezuela\"\r\n}, {\r\n    \"idRefPays\": \"704\",\r\n    \"libelleFR\": \"Viêt Nam\"\r\n}, {\r\n    \"idRefPays\": \"876\",\r\n    \"libelleFR\": \"Wallis-et-Futuna\"\r\n}, {\r\n    \"idRefPays\": \"887\",\r\n    \"libelleFR\": \"Yémen\"\r\n}, {\r\n    \"idRefPays\": \"894\",\r\n    \"libelleFR\": \"Zambie\"\r\n}, {\r\n    \"idRefPays\": \"716\",\r\n    \"libelleFR\": \"Zimbabwe\"\r\n}\r\n]","exposed":false},"result":{"type":"json","value":"{}","exposed":false}}}