{"designerVersion":"1.4.26","id":"3b574fbf-22ca-4c4d-86bf-60e336bbb1db","name":"testAutoComplete","type":"page","lastUpdate":1489077434839,"rows":[[{"type":"formContainer","dimension":{"xs":12,"sm":12,"md":12,"lg":12},"propertyValues":{"cssClasses":{"type":"constant","value":""},"hidden":{"type":"constant","value":false}},"reference":"2d517602-1cf3-4914-b963-cb5c9022af09","container":{"type":"container","dimension":{"xs":12},"propertyValues":{},"reference":"7d523566-145c-497c-90ff-1956bdb2fc8c","rows":[[{"type":"component","dimension":{"xs":12,"sm":12,"md":12,"lg":12},"propertyValues":{"cssClasses":{"type":"constant","value":""},"hidden":{"type":"constant","value":false},"readOnly":{"type":"constant","value":false},"required":{"type":"constant","value":true},"labelHidden":{"type":"constant","value":false},"label":{"type":"interpolation","value":"Default name"},"labelPosition":{"type":"constant","value":"top"},"labelWidth":{"type":"constant","value":4},"placeholder":{"type":"interpolation"},"availableValues":{"type":"expression","value":"datas"},"displayedKey":{"type":"constant","value":"label"},"value":{"type":"variable","value":"result"},"numrow":{"type":"constant","value":"5"},"delay":{"type":"constant","value":200}},"reference":"5bcf70f2-e7e1-450c-b695-7bb855da11a7","id":"customAutocomplete"}],[{"type":"component","dimension":{"xs":12,"sm":12,"md":12,"lg":12},"propertyValues":{"cssClasses":{"type":"constant","value":""},"hidden":{"type":"constant","value":false},"disabled":{"type":"expression","value":"$form.$invalid"},"label":{"type":"interpolation","value":"Submit"},"alignment":{"type":"constant","value":"left"},"buttonStyle":{"type":"constant","value":"default"},"action":{"type":"constant","value":"Submit task"},"url":{"type":"interpolation"},"dataToSend":{"type":"constant"},"dataFromSuccess":{"type":"variable"},"dataFromError":{"type":"variable"},"targetUrlOnSuccess":{"type":"interpolation"},"collectionToModify":{"type":"variable"},"collectionPosition":{"type":"constant","value":"Last"},"valueToAdd":{"type":"constant"},"removeItem":{"type":"variable"}},"reference":"c31e64a8-bf0a-4093-9bd0-336e862bea45","id":"pbButton"}]]}}],[{"type":"component","dimension":{"xs":12,"sm":12,"md":12,"lg":12},"propertyValues":{"cssClasses":{"type":"constant","value":""},"hidden":{"type":"constant","value":false},"text":{"type":"interpolation","value":"result: {{result}}\n<br>1 - Recherche accent => ok\n<br>2 - Recherche sur traduit => ok\n<br>3 - order traduit => ok\n<br>4 - retour origine => ok\n<br>5 - bloquer saisie libre => ok\n<br>6 - Message => ok"},"alignment":{"type":"constant","value":"left"}},"reference":"9e8a74f6-948d-4133-992a-49ede902c808","id":"pbText"}]],"assets":[{"id":"7be294ce-cfbf-44df-bf73-5e5a38140e11","name":"localization.json","type":"json","order":0,"external":false}],"inactiveAssets":[],"data":{"datas":{"type":"json","value":"[\n    {\n        \"id\": 1,\n        \"label\": \"Afrique du sud\"\n    },\n    {\n        \"id\": 2,\n        \"label\": \"Bélé\"\n    },\n    {\n        \"id\": 3,\n        \"label\": \"France\"\n    },\n    {\n        \"id\": 4,\n        \"label\": \"Japon\"\n    }\n]","exposed":false},"result":{"type":"constant","exposed":false}}}