{"designerVersion":"1.4.26","id":"ae635baa-8298-4711-8c9a-b46ebfe9752c","name":"testEnter","type":"page","lastUpdate":1488975520938,"rows":[[{"type":"component","dimension":{"xs":12,"sm":12,"md":12,"lg":12},"propertyValues":{"cssClasses":{"type":"constant","value":""},"hidden":{"type":"constant","value":false},"required":{"type":"constant","value":false},"minLength":{"type":"constant","value":""},"maxLength":{"type":"constant","value":""},"readOnly":{"type":"constant","value":false},"labelHidden":{"type":"constant","value":false},"label":{"type":"interpolation","value":"Default label"},"labelPosition":{"type":"constant","value":"top"},"labelWidth":{"type":"constant","value":4},"placeholder":{"type":"interpolation"},"value":{"type":"variable","value":"saisie"},"type":{"type":"constant","value":"text"},"min":{"type":"constant"},"max":{"type":"constant"},"step":{"type":"constant","value":1}},"reference":"6db03ca7-ac85-407b-bce4-c1fcb0d34432","id":"pbInput"}],[{"type":"component","dimension":{"xs":12,"sm":12,"md":6,"lg":6},"propertyValues":{"cssClasses":{"type":"constant","value":""},"hidden":{"type":"constant","value":false},"disabled":{"type":"constant","value":false},"label":{"type":"interpolation","value":"Enter"},"alignment":{"type":"constant","value":"left"},"buttonStyle":{"type":"constant","value":"default"},"action":{"type":"constant","value":"GET"},"url":{"type":"interpolation","value":"http://localhost:8080/cdn/datas.json?truc={{saisie}}"},"dataToSend":{"type":"constant"},"dataFromSuccess":{"type":"variable","value":"gets"},"dataFromError":{"type":"variable"},"targetUrlOnSuccess":{"type":"interpolation"},"collectionToModify":{"type":"variable"},"collectionPosition":{"type":"constant","value":"Last"},"valueToAdd":{"type":"constant"},"removeItem":{"type":"variable"},"isEnter":{"type":"constant","value":true},"isLoading":{"type":"expression","value":"isLoading"}},"reference":"815a55df-7080-4599-bcf1-ca1ca1c81794","id":"customButtonEnter"}],[{"type":"component","dimension":{"xs":12,"sm":12,"md":12,"lg":12},"propertyValues":{"cssClasses":{"type":"constant","value":""},"hidden":{"type":"constant","value":false},"text":{"type":"interpolation","value":"<pre>{{isLoading|json}}</pre>"},"alignment":{"type":"constant","value":"left"}},"reference":"b989b2c9-a1f0-4f94-86a2-1fda6840c3a2","id":"pbText"}],[{"type":"component","dimension":{"xs":12,"sm":12,"md":12,"lg":12},"propertyValues":{"cssClasses":{"type":"constant","value":""},"hidden":{"type":"constant","value":false},"headers":{"type":"constant","value":["Id","Name"]},"content":{"type":"expression","value":"gets"},"columnsKey":{"type":"constant","value":["id","label"]},"selectedRow":{"type":"variable"}},"reference":"939796f3-8abc-432a-b515-59e3168b3fb8","id":"pbTable"}]],"assets":[{"id":"f6ebb215-9bae-4f13-8d24-8ae9e6d0943a","name":"localization.json","type":"json","order":0,"external":false}],"inactiveAssets":[],"data":{"select":{"type":"constant","exposed":false},"gets":{"type":"json","value":"{}","exposed":false},"saisie":{"type":"constant","exposed":false},"isLoading":{"type":"json","value":"{\n    \"value\": false\n}","exposed":false}}}