{
	"fr-FR": {
		"Please select a choice in the sudgest list.": "Merci de sélectionner un choix dans la liste suggerée.",
		"Title": "Titre",
		"Default label": "Libellé par défaut",
		"Default name": "Nom par défaut",
		"Select": "Sélection",
		"Select an option": "Sélectionner une option",
		"green": "vert",
		"red": "rouge",
		"blue": "bleu",
		"yes": "oui",
		"no": "non",
		"Id": "Id",
		"Name": "Nom",
		"Description": "Description",
		"Link": "Lien",
		"Submit": "Soumettre",
		"This field is required": "Ce champ est requis",
		"This field length should be larger": "La valeur de ce champ est trop courte",
		"This field length should be smaller": "La valeur de ce champ est trop longue",
		"This value is too small": "La valeur de ce champ est trop petite",
		"This value is too large": "La valeur de ce champ est trop grande",
		"This is not a valid email": "L'email saisi n'est pas valide",
		"Toggle the text area to HTML source code / Rich text area": "Basculer l'affichage du texte vers HTML / Rich Text",
		"Heading ": "Titre ",
		"Paragraph": "Paragraphe",
		"Preformatted text": "Texte preformaté",
		"Unordered List": "Liste",
		"Ordered List": "Liste numérotée",
		"Quote/unquote selection or paragraph": "Citation du paragraphe ou de la selection",
		"Undo": "Annuler",
		"Redo": "Rétablir",
		"Bold": "Gras",
		"Italic": "Italique",
		"Underline": "Souligné",
		"Strikethrough": "Barré",
		"Align text left": "Aligner le texte à gauche",
		"Align text right": "Aligner le texte à droite",
		"Justify text": "Justifier le texte",
		"Center": "Centrer",
		"Increase indent": "Augmenter l'indentation",
		"Decrease indent": "Diminuer l'indentation",
		"Clear formatting": "Effacer le formatage",
		"Please enter an image URL to insert": "Entrez une image ou une URL à insérer",
		"Insert image": "Insérer une image",
		"Insert video": "Insérer une vidéo",
		"Please enter a youtube URL to embed": "Entrez une URL youtube à embarquer",
		"Insert / edit link": "Insérer / éditer un lien",
		"Please enter a URL to insert": "Entrez une URL à insérer",
		"Relink": "Changer le lien",
		"Unlink": "Enlever le lien",
		"Open in New Window": "Ouvrir dans une nouvelle fenêtre",
		"Display words Count": "Afficher le nombre de mots",
		"Display characters Count": "Afficher le nombre de caractères",
		"The requested content cannot be loaded.<br />Please try again later.": "Le contenu ne peut être télécharger.<br/> Veuillez essayer plus tard.",
		"Date": "Date",
		"MM/dd/yyyy": "dd/MM/yyyy",
		"Today": "Aujourd'hui",
		"Enter a date (mm/dd/yyyy)": "Entrer une date (jj/mm/aaaa)",
		"$locale": {
			"DATETIME_FORMATS": {
				"DAY": [
					"dimanche",
					"lundi",
					"mardi",
					"mercredi",
					"jeudi",
					"vendredi",
					"samedi"
				],
				"FIRSTDAYOFWEEK": 1,
				"MONTH": [
					"janvier",
					"f\u00e9vrier",
					"mars",
					"avril",
					"mai",
					"juin",
					"juillet",
					"ao\u00fbt",
					"septembre",
					"octobre",
					"novembre",
					"d\u00e9cembre"
				],
				"SHORTDAY": [
					"dim.",
					"lun.",
					"mar.",
					"mer.",
					"jeu.",
					"ven.",
					"sam."
				],
				"SHORTMONTH": [
					"janv.",
					"f\u00e9vr.",
					"mars",
					"avr.",
					"mai",
					"juin",
					"juil.",
					"ao\u00fbt",
					"sept.",
					"oct.",
					"nov.",
					"d\u00e9c."
				]
			}
		}
	},
	"es-ES": {
		"Title": "Título",
		"Default label": "Etiqueta por defecto",
		"Default name": "Nombre por defecto",
		"Select": "Seleccionar",
		"Select an option": "Selecciona una opción",
		"green": "verde",
		"red": "rojo",
		"blue": "azul",
		"yes": "sí",
		"no": "no",
		"Id": "Id",
		"Name": "Nombre",
		"Description": "Descripción",
		"Link": "Enlace",
		"Submit": "Enviar",
		"This field is required": "Este campo es requerido",
		"This field length should be larger": "La longitud de este campo debería ser mayor",
		"This field length should be smaller": "La longitud de este campo debería ser menor",
		"This value is too small": "El valor de este campo es demasiado pequeño",
		"This value is too large": "El valor de este campo es demasiado grande",
		"This is not a valid email": "El email introducido no es válido",
		"Toggle the text area to HTML source code / Rich text area": "",
		"Heading ": " ",
		"Paragraph": "",
		"Preformatted text": "",
		"Unordered List": "",
		"Ordered List": "",
		"Quote/unquote selection or paragraph": "",
		"Undo": "",
		"Redo": "",
		"Bold": "",
		"Italic": "",
		"Underline": "",
		"Strikethrough": "",
		"Align text left": "",
		"Align text right": "",
		"Justify text": "",
		"Center": "",
		"Increase indent": "",
		"Decrease indent": "",
		"Clear formatting": "",
		"Please enter an image URL to insert": "",
		"Insert image": "",
		"Insert video": "",
		"Please enter a youtube URL to embed": "",
		"Insert / edit link": "",
		"Please enter a URL to insert": "",
		"Relink": "",
		"Unlink": "",
		"Open in New Window": "",
		"Display words Count": "",
		"Display characters Count": "",
		"The requested content cannot be loaded.<br />Please try again later.": "El contenido solicitado no puede mostrarse.",
		"Today": "Hoy",
		"Date": "Fecha",
		"MM/dd/yyyy": "dd/MM/yyyy",
		"Enter a date (mm/dd/yyyy)": "Introducir una fecha (dd/mm/aaaa)",
		"$locale": {
			"DATETIME_FORMATS": {
				"DAY": [
					"domingo",
					"lunes",
					"martes",
					"mi\u00e9rcoles",
					"jueves",
					"viernes",
					"s\u00e1bado"
				],
				"FIRSTDAYOFWEEK": 0,
				"MONTH": [
					"enero",
					"febrero",
					"marzo",
					"abril",
					"mayo",
					"junio",
					"julio",
					"agosto",
					"septiembre",
					"octubre",
					"noviembre",
					"diciembre"
				],
				"SHORTDAY": [
					"dom.",
					"lun.",
					"mar.",
					"mi\u00e9.",
					"jue.",
					"vie.",
					"s\u00e1b."
				],
				"SHORTMONTH": [
					"ene.",
					"feb.",
					"mar.",
					"abr.",
					"may.",
					"jun.",
					"jul.",
					"ago.",
					"sept.",
					"oct.",
					"nov.",
					"dic."
				]
			}
		},
		"Guyane": "French Guiana",
		"Guadeloupe": "Guadeloupe",
		"Saint-Martin": "Saint Martin",
		"Martinique": "Martinique",
		"Saint-Pierre-et-Miquelon": "Saint Pierre and Miquelon",
		"Nouvelle-Calédonie": "New Caledonia",
		"Polynésie française": "French Polynesia",
		"La Réunion": "Reunion",
		"Wallis-et-Futuna": "Wallis and Futuna",
		"Mayotte": "Mayotte",
		"Argentine": "Argentina",
		"Bolivie": "Bolivia",
		"Brésil": "Brazil",
		"Chili": "Chile",
		"Colombie": "Colombia",
		"Equateur": "Ecuador",
		"Iles Malouines": "Falkland Islands",
		"Géorgie": "Georgia",
		"Guyana": "Guyana",
		"Pérou": "Peru",
		"Paraguay": "Paraguay",
		"Suriname": "Suriname",
		"Uruguay": "Uruguay",
		"Venezuela": "Venezuela",
		"Canada": "Canada",
		"Mexique": "Mexico",
		"Etats-Unis": "United States",
		"Anguilla": "Anguilla",
		"Aruba": "Aruba",
		"Bermudes": "Bermuda",
		"Groenland": "Greenland",
		"Iles Caïmans": "Cayman Islands",
		"Montserrat": "Montserrat",
		"Porto Rico": "Puerto Rico",
		"Saint-Marin": "San Marino",
		"Iles Turques-et-Caïques": "Turks and Caicos Islands",
		"British Virgin Islands": "British Virgin Islands",
		"Iles Vierges des Etats-Unis": "Virgin Islands",
		"Antigua-et-Barbuda": "Antigua and Barbuda",
		"Barbade": "Barbados",
		"Bahamas": "Bahamas",
		"Belize": "Belize",
		"Costa Rica": "Costa Rica",
		"Cuba": "Cuba",
		"Dominique": "Dominica",
		"République dominicaine": "Dominican Republic",
		"Grenade": "Grenada",
		"Guatémala": "Guatemala",
		"Honduras": "Honduras",
		"Haïti": "Haiti",
		"Jamaïque": "Jamaica",
		"Saint-Christophe-et-Niévès": "Saint Kitts and Nevis",
		"Sainte-Lucie": "Saint Lucia",
		"Nicaragua": "Nicaragua",
		"Panama": "Panama",
		"Salvador": "El Salvador",
		"Trinité-et-Tobago": "Trinidad and Tobago",
		"Saint-Vincent-et-les-Grenadines": "Saint Vincent and the Grenadines",
		"Andorre": "Andorra",
		"Emirats Arabes Unis": "United Arab Emirates",
		"Afghanistan": "Afghanistan",
		"Albanie": "Albania",
		"Arménie": "Armenia",
		"Angola": "Angola",
		"Samoa américaines": "American Samoa",
		"Autriche": "Austria",
		"Australie": "Australia",
		"Azerbaïdjan": "Azerbaijan",
		"Bosnie-Herzégovine": "Bosnia and Herzegovina",
		"Bangladesh": "Bangladesh",
		"Belgique": "Belgium",
		"Burkina Faso": "Burkina Faso",
		"Bulgarie": "Bulgaria",
		"Bahreïn": "Bahreïn ",
		"Burundi": "Burundi",
		"Bénin": "Benin",
		"Brunei": "Bahrain",
		"Bhoutan": "Bhutan",
		"Botswana": "Botswana",
		"Biélorussie": "Belarus",
		"Iles Cocos": "Cocos Islands",
		"République centrafricaine": "Central African Republic",
		"République du Congo": "Congo",
		"Suisse": "Switzerland",
		"Cote D'Ivoire": "Cote dIvoire",
		"Iles Cook": "Cook Islands",
		"Cameroun": "Cameroon",
		"Chine": "China",
		"Cap-Vert": "Cape Verde",
		"Ile Christmas": "Christmas Island",
		"Chypre": "Cyprus",
		"République tchèque": "Czech Republic",
		"Allemagne": "Germany",
		"Djibouti": "Djibouti",
		"Danemark": "Denmark",
		"Algérie": "Algeria",
		"Estonie": "Estonia",
		"Egypte": "Egypt",
		"Erythrée": "Eritrea",
		"Espagne": "Spain",
		"Melilla": "Melilla",
		"Ethiopie": "Ethiopia",
		"Finlande": "Finland",
		"Fidji": "Fiji",
		"Micronésie": "Micronesia",
		"Iles Féroé": "Faroe Islands",
		"France": "France",
		"Gabon": "Gabon",
		"Royaume-Uni": "United Kingdom",
		"Guernesey": "Guernsey",
		"Ghana": "Ghana",
		"Gibraltar": "Gibraltar",
		"Gambie": "Gambia",
		"Guinée": "Guinea",
		"Guinée équatoriale": "Equatorial Guinea",
		"Guinea": "Guinée",
		"Grèce": "Greece",
		"Guam": "Guam",
		"Guinée-Bissau": "Guinea-Bissau",
		"Hong Kong": "Hong Kong",
		"Croatie": "Croatia",
		"Hongrie": "Hungary",
		"Indonésie": "Indonesia",
		"Irlande": "Ireland",
		"Israël": "Israel",
		"Ile de Man": "Man",
		"Inde": "India",
		"Irak": "Iraq",
		"Iran": "Iran",
		"Islande": "Iceland",
		"Italie": "Italy",
		"Jersey": "Jersey",
		"Jordanie": "Jordan",
		"Japon": "Japan",
		"Kenya": "Kenya",
		"Kirghizistan": "Kyrgyzstan",
		"Cambodge": "Cambodia",
		"Kiribati": "Kiribati",
		"Iles Comores": "Comores",
		"Comores": "Comoros",
		"Corée du Nord": "North Korea",
		"Corée du Sud": "South Korea",
		"Koweit": "Kuwait",
		"Kazakhstan": "Kazakstan",
		"Laos": "Laos",
		"Liban": "Lebanon",
		"Liechtenstein": "Liechtenstein",
		"Sri Lanka": "Sri Lanka",
		"Libéria": "Liberia",
		"Lesotho": "Lesotho",
		"Lituanie": "Lithuania",
		"Luxembourg": "Luxembourg",
		"Lettonie": "Latvia",
		"Libye": "Libya",
		"Maroc": "Morocco",
		"Monaco": "Monaco",
		"Moldavie": "Moldova",
		"Monténégro": "Montenegro",
		"Madagascar": "Madagascar",
		"Marshall": "Marshall Islands",
		"Macédoine": "Macedonia",
		"Mali": "Mali",
		"Birmanie": "Myanmar",
		"Mongolie": "Mongolia",
		"Macao": "Macao",
		"Iles Mariannes du Nord": "Northern Mariana Islands",
		"Mauritanie": "Mauritania",
		"Malte": "Malta",
		"Maurice": "Mauritius",
		"Maldives": "Maldives",
		"Malawi": "Malawi",
		"Malaisie": "Malaysia",
		"Mozambique": "Mozambique",
		"Namibie": "Namibia",
		"Niger": "Niger",
		"Ile Norfolk": "Norfolk Island",
		"Nigéria": "Nigeria",
		"Pays-Bas": "Netherlands",
		"Norvège": "Norway",
		"Népal": "Nepal",
		"Nauru": "Nauru",
		"Niue": "Niue",
		"Nouvelle-Zélande": "New Zealand",
		"Oman": "Oman",
		"Papouasie-Nouvelle-Guinée": "Papua New Guinea",
		"Philippines": "Philippines",
		"Pakistan": "Pakistan",
		"Pologne": "Poland",
		"Iles Pitcairn": "Pitcairn Islands",
		"Palestine": "Palestine",
		"Portugal": "Portugal",
		"Palaos": "Palau",
		"Qatar": "Qatar",
		"Roumanie": "Romania",
		"Serbie": "Serbia",
		"Russie": "Russia",
		"Rwanda": "Rwanda",
		"Arabie Saoudite": "Saudi Arabia",
		"Salomon": "Solomon Islands",
		"Seychelles": "Seychelles",
		"Soudan": "Sudan",
		"Suède": "Sweden",
		"Singapour": "Singapore",
		"Sainte-Hélène, Ascension et Tristan da Cunha": "Saint Helena",
		"Slovénie": "Slovenia",
		"Svalbard et île Jan Mayen": "Svalbard",
		"Slovaquie": "Slovakia",
		"Sierra Leone": "Sierra Leone",
		"Sénégal": "Senegal",
		"Somalie": "Somalia",
		"Soudan du Sud": "South Sudan",
		"Sao Tomé-et-Principe": "Sao Tome and Principe",
		"Syrie": "Syria",
		"Swaziland": "Swaziland",
		"Tchad": "Chad",
		"Togo": "Togo",
		"Thailande": "Thailand",
		"Tadjikistan": "Tajikistan",
		"Timor oriental": "Timor-Leste",
		"Turkménistan": "Turkmenistan",
		"Tunisie": "Tunisia",
		"Tonga": "Tonga",
		"Turquie": "Turkey",
		"Tuvalu": "Tuvalu",
		"Taïwan": "Taiwan",
		"Tanzanie": "Tanzania",
		"Ukraine": "Ukraine",
		"Ouganda": "Uganda",
		"Ouzbekistan": "Uzbekistan",
		"Vatican": "Holy See",
		"Viêt Nam": "Vietnam",
		"Vanuatu": "Vanuatu",
		"Samoa": "Samoa",
		"Kosovo": "Kosovo",
		"Yémen": "Yemen",
		"Afrique du sud": "South Africa",
		"Zambie": "Zambia",
		"Zimbabwe": "Zimbabwe",
		"Dirham Emirat Arabe": "UAE dirham",
		"Nouveau Peso Argentin": "Argentine peso",
		"Dollar Australien": "Australian dollar",
		"Dinar du Bahrain": "Bahraini dinar",
		"Cruseiro Brésilien": "Brazilian real",
		"Dollar Canadien": "Canadian dollar",
		"Franc Suisse": "Swiss franc",
		"Peso Chilien": "Chilean peso",
		"Yuan Chinois": "Chinese yuan renminbi (RMB)",
		"Peso Colombien": "Colombian peso",
		"Couronne Tchèque": "Czech koruna",
		"Couronne Danoise": "Danish krone",
		"Dinar Algerien": "Algerian dinar",
		"EURO": "Euro",
		"Livre Britannique": "Pound sterling",
		"Hong Kong dollar ": "Hong Kong dollar",
		"Florin Hongrois": "Hungarian forint",
		"Rupiah  Indonésienne": "Indonesian rupiah",
		"Roupie  Indoue": "Indian rupee",
		"Couronne Islandaise": "Icelandic króna",
		"Shekel Isralien": "Israeli new shekel",
		"Dinar Jordanien": "Jordanian dinar",
		"Yen Japonais": "Japanese yen",
		"South Korean Won": "South Korean won",
		"Koweit Dinar ": "Kuwaiti dinar",
		"Livre du Liban": "Lebanese pound",
		"Litas": "Lithuanian litas",
		"Dirham Marocain": "Moroccan dirham",
		"Ariary": "Malagasy ariayry",
		"Pesos Mexicain": "Mexican peso",
		"Ringgit de Malaisie": "Malaysian ringgit",
		"Couronne Norvégienne": "Norwegian krone",
		"Dollar Néo-zélandais": "New Zealand dollar",
		"Nuevo sol Péruvien": "Peruvian nuevo sol",
		"Philippines Peso": "Philippine peso",
		"Roupie du Paskistan": "Pakistani rupee",
		"Zloty Polonais (nouveau)": "Polish zloty",
		"Leu Roumain": "Romanian new Leu",
		"Rouble Russe": "Russian ruble",
		"Riyal Arabie Saoudit": "Saudi riyal",
		"Couronne Suédoise": "Swedish krona",
		"Dollar de Singapour": "Singapore dollar",
		"Baht Thailandais": "Thai baht",
		"Dinar Tunisien": "Tunisian dinar",
		"Turquish Lira": "Turkish lira",
		"Nouveau Dollar de Taiwan": "New Taiwan dollar",
		"Hryvnia Ukrainien": "Ukrainian hryvnia",
		"Dollar Américain": "US dollar",
		"Uruguayan Peso": "Urugayan peso",
		"Venezuelain Bolivar ": "Venezualan bolivar fuerte",
		"Rand Sud-Africain": "South African rand"
	},
	"en-EN": {
		"Guyane": "French Guiana",
		"Guadeloupe": "Guadeloupe",
		"Saint-Martin": "Saint Martin",
		"Martinique": "Martinique",
		"Saint-Pierre-et-Miquelon": "Saint Pierre and Miquelon",
		"Nouvelle-Calédonie": "New Caledonia",
		"Polynésie française": "French Polynesia",
		"La Réunion": "Reunion",
		"Wallis-et-Futuna": "Wallis and Futuna",
		"Mayotte": "Mayotte",
		"Argentine": "Argentina",
		"Bolivie": "Bolivia",
		"Brésil": "Brazil",
		"Chili": "Chile",
		"Colombie": "Colombia",
		"Equateur": "Ecuador",
		"Iles Malouines": "Falkland Islands",
		"Géorgie": "Georgia",
		"Guyana": "Guyana",
		"Pérou": "Peru",
		"Paraguay": "Paraguay",
		"Suriname": "Suriname",
		"Uruguay": "Uruguay",
		"Venezuela": "Venezuela",
		"Canada": "Canada",
		"Mexique": "Mexico",
		"Etats-Unis": "United States",
		"Anguilla": "Anguilla",
		"Aruba": "Aruba",
		"Bermudes": "Bermuda",
		"Groenland": "Greenland",
		"Iles Caïmans": "Cayman Islands",
		"Montserrat": "Montserrat",
		"Porto Rico": "Puerto Rico",
		"Saint-Marin": "San Marino",
		"Iles Turques-et-Caïques": "Turks and Caicos Islands",
		"British Virgin Islands": "British Virgin Islands",
		"Iles Vierges des Etats-Unis": "Virgin Islands",
		"Antigua-et-Barbuda": "Antigua and Barbuda",
		"Barbade": "Barbados",
		"Bahamas": "Bahamas",
		"Belize": "Belize",
		"Costa Rica": "Costa Rica",
		"Cuba": "Cuba",
		"Dominique": "Dominica",
		"République dominicaine": "Dominican Republic",
		"Grenade": "Grenada",
		"Guatémala": "Guatemala",
		"Honduras": "Honduras",
		"Haïti": "Haiti",
		"Jamaïque": "Jamaica",
		"Saint-Christophe-et-Niévès": "Saint Kitts and Nevis",
		"Sainte-Lucie": "Saint Lucia",
		"Nicaragua": "Nicaragua",
		"Panama": "Panama",
		"Salvador": "El Salvador",
		"Trinité-et-Tobago": "Trinidad and Tobago",
		"Saint-Vincent-et-les-Grenadines": "Saint Vincent and the Grenadines",
		"Andorre": "Andorra",
		"Emirats Arabes Unis": "United Arab Emirates",
		"Afghanistan": "Afghanistan",
		"Albanie": "Albania",
		"Arménie": "Armenia",
		"Angola": "Angola",
		"Samoa américaines": "American Samoa",
		"Autriche": "Austria",
		"Australie": "Australia",
		"Azerbaïdjan": "Azerbaijan",
		"Bosnie-Herzégovine": "Bosnia and Herzegovina",
		"Bangladesh": "Bangladesh",
		"Belgique": "Belgium",
		"Burkina Faso": "Burkina Faso",
		"Bulgarie": "Bulgaria",
		"Bahreïn": "Bahreïn ",
		"Burundi": "Burundi",
		"Bénin": "Benin",
		"Brunei": "Bahrain",
		"Bhoutan": "Bhutan",
		"Botswana": "Botswana",
		"Biélorussie": "Belarus",
		"Iles Cocos": "Cocos Islands",
		"République centrafricaine": "Central African Republic",
		"République du Congo": "Congo",
		"Suisse": "Switzerland",
		"Cote D'Ivoire": "Cote dIvoire",
		"Iles Cook": "Cook Islands",
		"Cameroun": "Cameroon",
		"Chine": "China",
		"Cap-Vert": "Cape Verde",
		"Ile Christmas": "Christmas Island",
		"Chypre": "Cyprus",
		"République tchèque": "Czech Republic",
		"Allemagne": "Germany",
		"Djibouti": "Djibouti",
		"Danemark": "Denmark",
		"Algérie": "Algeria",
		"Estonie": "Estonia",
		"Egypte": "Egypt",
		"Erythrée": "Eritrea",
		"Espagne": "Spain",
		"Melilla": "Melilla",
		"Ethiopie": "Ethiopia",
		"Finlande": "Finland",
		"Fidji": "Fiji",
		"Micronésie": "Micronesia",
		"Iles Féroé": "Faroe Islands",
		"France": "France",
		"Gabon": "Gabon",
		"Royaume-Uni": "United Kingdom",
		"Guernesey": "Guernsey",
		"Ghana": "Ghana",
		"Gibraltar": "Gibraltar",
		"Gambie": "Gambia",
		"Guinée": "Guinea",
		"Guinée équatoriale": "Equatorial Guinea",
		"Guinea": "Guinée",
		"Grèce": "Greece",
		"Guam": "Guam",
		"Guinée-Bissau": "Guinea-Bissau",
		"Hong Kong": "Hong Kong",
		"Croatie": "Croatia",
		"Hongrie": "Hungary",
		"Indonésie": "Indonesia",
		"Irlande": "Ireland",
		"Israël": "Israel",
		"Ile de Man": "Man",
		"Inde": "India",
		"Irak": "Iraq",
		"Iran": "Iran",
		"Islande": "Iceland",
		"Italie": "Italy",
		"Jersey": "Jersey",
		"Jordanie": "Jordan",
		"Japon": "Japan",
		"Kenya": "Kenya",
		"Kirghizistan": "Kyrgyzstan",
		"Cambodge": "Cambodia",
		"Kiribati": "Kiribati",
		"Iles Comores": "Comores",
		"Comores": "Comoros",
		"Corée du Nord": "North Korea",
		"Corée du Sud": "South Korea",
		"Koweit": "Kuwait",
		"Kazakhstan": "Kazakstan",
		"Laos": "Laos",
		"Liban": "Lebanon",
		"Liechtenstein": "Liechtenstein",
		"Sri Lanka": "Sri Lanka",
		"Libéria": "Liberia",
		"Lesotho": "Lesotho",
		"Lituanie": "Lithuania",
		"Luxembourg": "Luxembourg",
		"Lettonie": "Latvia",
		"Libye": "Libya",
		"Maroc": "Morocco",
		"Monaco": "Monaco",
		"Moldavie": "Moldova",
		"Monténégro": "Montenegro",
		"Madagascar": "Madagascar",
		"Marshall": "Marshall Islands",
		"Macédoine": "Macedonia",
		"Mali": "Mali",
		"Birmanie": "Myanmar",
		"Mongolie": "Mongolia",
		"Macao": "Macao",
		"Iles Mariannes du Nord": "Northern Mariana Islands",
		"Mauritanie": "Mauritania",
		"Malte": "Malta",
		"Maurice": "Mauritius",
		"Maldives": "Maldives",
		"Malawi": "Malawi",
		"Malaisie": "Malaysia",
		"Mozambique": "Mozambique",
		"Namibie": "Namibia",
		"Niger": "Niger",
		"Ile Norfolk": "Norfolk Island",
		"Nigéria": "Nigeria",
		"Pays-Bas": "Netherlands",
		"Norvège": "Norway",
		"Népal": "Nepal",
		"Nauru": "Nauru",
		"Niue": "Niue",
		"Nouvelle-Zélande": "New Zealand",
		"Oman": "Oman",
		"Papouasie-Nouvelle-Guinée": "Papua New Guinea",
		"Philippines": "Philippines",
		"Pakistan": "Pakistan",
		"Pologne": "Poland",
		"Iles Pitcairn": "Pitcairn Islands",
		"Palestine": "Palestine",
		"Portugal": "Portugal",
		"Palaos": "Palau",
		"Qatar": "Qatar",
		"Roumanie": "Romania",
		"Serbie": "Serbia",
		"Russie": "Russia",
		"Rwanda": "Rwanda",
		"Arabie Saoudite": "Saudi Arabia",
		"Salomon": "Solomon Islands",
		"Seychelles": "Seychelles",
		"Soudan": "Sudan",
		"Suède": "Sweden",
		"Singapour": "Singapore",
		"Sainte-Hélène, Ascension et Tristan da Cunha": "Saint Helena",
		"Slovénie": "Slovenia",
		"Svalbard et île Jan Mayen": "Svalbard",
		"Slovaquie": "Slovakia",
		"Sierra Leone": "Sierra Leone",
		"Sénégal": "Senegal",
		"Somalie": "Somalia",
		"Soudan du Sud": "South Sudan",
		"Sao Tomé-et-Principe": "Sao Tome and Principe",
		"Syrie": "Syria",
		"Swaziland": "Swaziland",
		"Tchad": "Chad",
		"Togo": "Togo",
		"Thailande": "Thailand",
		"Tadjikistan": "Tajikistan",
		"Timor oriental": "Timor-Leste",
		"Turkménistan": "Turkmenistan",
		"Tunisie": "Tunisia",
		"Tonga": "Tonga",
		"Turquie": "Turkey",
		"Tuvalu": "Tuvalu",
		"Taïwan": "Taiwan",
		"Tanzanie": "Tanzania",
		"Ukraine": "Ukraine",
		"Ouganda": "Uganda",
		"Ouzbekistan": "Uzbekistan",
		"Vatican": "Holy See",
		"Viêt Nam": "Vietnam",
		"Vanuatu": "Vanuatu",
		"Samoa": "Samoa",
		"Kosovo": "Kosovo",
		"Yémen": "Yemen",
		"Afrique du sud": "South Africa",
		"Zambie": "Zambia",
		"Zimbabwe": "Zimbabwe",
		"Dirham Emirat Arabe": "UAE dirham",
		"Nouveau Peso Argentin": "Argentine peso",
		"Dollar Australien": "Australian dollar",
		"Dinar du Bahrain": "Bahraini dinar",
		"Cruseiro Brésilien": "Brazilian real",
		"Dollar Canadien": "Canadian dollar",
		"Franc Suisse": "Swiss franc",
		"Peso Chilien": "Chilean peso",
		"Yuan Chinois": "Chinese yuan renminbi (RMB)",
		"Peso Colombien": "Colombian peso",
		"Couronne Tchèque": "Czech koruna",
		"Couronne Danoise": "Danish krone",
		"Dinar Algerien": "Algerian dinar",
		"EURO": "Euro",
		"Livre Britannique": "Pound sterling",
		"Hong Kong dollar ": "Hong Kong dollar",
		"Florin Hongrois": "Hungarian forint",
		"Rupiah  Indonésienne": "Indonesian rupiah",
		"Roupie  Indoue": "Indian rupee",
		"Couronne Islandaise": "Icelandic króna",
		"Shekel Isralien": "Israeli new shekel",
		"Dinar Jordanien": "Jordanian dinar",
		"Yen Japonais": "Japanese yen",
		"South Korean Won": "South Korean won",
		"Koweit Dinar ": "Kuwaiti dinar",
		"Livre du Liban": "Lebanese pound",
		"Litas": "Lithuanian litas",
		"Dirham Marocain": "Moroccan dirham",
		"Ariary": "Malagasy ariayry",
		"Pesos Mexicain": "Mexican peso",
		"Ringgit de Malaisie": "Malaysian ringgit",
		"Couronne Norvégienne": "Norwegian krone",
		"Dollar Néo-zélandais": "New Zealand dollar",
		"Nuevo sol Péruvien": "Peruvian nuevo sol",
		"Philippines Peso": "Philippine peso",
		"Roupie du Paskistan": "Pakistani rupee",
		"Zloty Polonais (nouveau)": "Polish zloty",
		"Leu Roumain": "Romanian new Leu",
		"Rouble Russe": "Russian ruble",
		"Riyal Arabie Saoudit": "Saudi riyal",
		"Couronne Suédoise": "Swedish krona",
		"Dollar de Singapour": "Singapore dollar",
		"Baht Thailandais": "Thai baht",
		"Dinar Tunisien": "Tunisian dinar",
		"Turquish Lira": "Turkish lira",
		"Nouveau Dollar de Taiwan": "New Taiwan dollar",
		"Hryvnia Ukrainien": "Ukrainian hryvnia",
		"Dollar Américain": "US dollar",
		"Uruguayan Peso": "Urugayan peso",
		"Venezuelain Bolivar ": "Venezualan bolivar fuerte",
		"Rand Sud-Africain": "South African rand"
	}
}