{"designerVersion":"1.1.7","id":"c0187b8c-c3be-45ad-932b-2ffec375a2f6","name":"checkWidget151218","type":"page","lastUpdate":1450442160762,"rows":[[{"type":"formContainer","dimension":{"lg":12,"md":12,"sm":12,"xs":12},"propertyValues":{"cssClasses":{"type":"constant","value":""},"hidden":{"type":"constant","value":false},"url":{"type":"constant","value":""},"method":{"type":"constant","value":""}},"reference":"3edbab68-3964-4a94-a6de-f4aaaab13098","container":{"type":"container","dimension":{"xs":12},"propertyValues":{"cssClasses":{"type":"constant","value":""},"hidden":{"type":"constant","value":false}},"reference":"0c47a8f2-6278-4974-847c-e3f7be3c8e30","rows":[[{"type":"component","dimension":{"lg":12,"md":12,"sm":12,"xs":12},"propertyValues":{"cssClasses":{"type":"constant","value":""},"hidden":{"type":"constant","value":false},"required":{"type":"constant","value":true},"minLength":{"type":"constant","value":""},"maxLength":{"type":"constant"},"readOnly":{"type":"constant","value":false},"labelHidden":{"type":"constant","value":false},"label":{"type":"interpolation","value":"Number"},"labelPosition":{"type":"constant","value":"top"},"labelWidth":{"type":"constant","value":4},"placeholder":{"type":"interpolation"},"value":{"type":"variable","value":"lesdatas.number"},"type":{"type":"constant","value":"number"},"min":{"type":"constant","value":0},"max":{"type":"constant","value":5}},"reference":"81e6e49b-0002-4e25-9c94-c648913b18aa","id":"pbInput"}],[{"type":"component","dimension":{"lg":12,"md":12,"sm":12,"xs":12},"propertyValues":{"cssClasses":{"type":"constant","value":""},"hidden":{"type":"constant","value":false},"required":{"type":"constant","value":true},"minLength":{"type":"constant","value":""},"maxLength":{"type":"constant","value":""},"readOnly":{"type":"constant","value":false},"labelHidden":{"type":"constant","value":false},"label":{"type":"interpolation","value":"number2"},"labelPosition":{"type":"constant","value":"top"},"labelWidth":{"type":"constant","value":4},"placeholder":{"type":"interpolation"},"value":{"type":"variable","value":"lesdatas.number2"},"type":{"type":"constant","value":"number"},"min":{"type":"constant","value":2},"max":{"type":"constant","value":6}},"reference":"c2a9f10d-75e7-4fe1-8542-27d1db82075e","id":"pbInput"}],[{"type":"component","dimension":{"lg":12,"md":12,"sm":12,"xs":12},"propertyValues":{"cssClasses":{"type":"constant","value":""},"hidden":{"type":"constant","value":false},"required":{"type":"constant","value":true},"minLength":{"type":"constant","value":""},"maxLength":{"type":"constant","value":""},"readOnly":{"type":"constant","value":false},"labelHidden":{"type":"constant","value":false},"label":{"type":"interpolation","value":"Email"},"labelPosition":{"type":"constant","value":"top"},"labelWidth":{"type":"constant","value":4},"placeholder":{"type":"interpolation"},"value":{"type":"variable","value":"lesdatas.email"},"type":{"type":"constant","value":"email"},"min":{"type":"constant"},"max":{"type":"constant"}},"reference":"877456a7-a881-4679-ad44-001f6a9a402f","id":"pbInput"}],[{"type":"component","dimension":{"lg":12,"md":12,"sm":12,"xs":12},"propertyValues":{"cssClasses":{"type":"constant","value":""},"hidden":{"type":"constant","value":false},"required":{"type":"constant","value":true},"minLength":{"type":"constant","value":""},"maxLength":{"type":"constant","value":""},"readOnly":{"type":"constant","value":false},"labelHidden":{"type":"constant","value":false},"label":{"type":"interpolation","value":"require"},"labelPosition":{"type":"constant","value":"top"},"labelWidth":{"type":"constant","value":4},"placeholder":{"type":"interpolation"},"value":{"type":"variable","value":"lesdatas.require"},"type":{"type":"constant","value":"text"},"min":{"type":"constant"},"max":{"type":"constant"}},"reference":"f3607c27-8a1d-4238-8cf2-99566b4050d2","id":"pbInput"}],[{"type":"component","dimension":{"lg":12,"md":12,"sm":12,"xs":12},"propertyValues":{"cssClasses":{"type":"constant","value":""},"hidden":{"type":"constant","value":false},"readOnly":{"type":"constant","value":false},"required":{"type":"constant","value":true},"minLength":{"type":"constant","value":""},"maxLength":{"type":"constant","value":""},"labelHidden":{"type":"constant","value":false},"label":{"type":"interpolation","value":"textArea"},"labelPosition":{"type":"constant","value":"top"},"labelWidth":{"type":"constant","value":4},"value":{"type":"variable","value":"lesdatas.textArea"}},"reference":"f9451d4f-53da-45f6-a81b-082a11666dd2","id":"pbTextarea"}],[{"type":"component","dimension":{"lg":12,"md":12,"sm":12,"xs":12},"propertyValues":{"cssClasses":{"type":"constant","value":""},"hidden":{"type":"constant","value":false},"readOnly":{"type":"constant","value":false},"required":{"type":"constant","value":true},"labelHidden":{"type":"constant","value":false},"label":{"type":"interpolation","value":"autocomplete"},"labelPosition":{"type":"constant","value":"top"},"labelWidth":{"type":"constant","value":4},"placeholder":{"type":"interpolation"},"availableValues":{"type":"constant","value":["London","Paris","San Francisco"]},"displayedKey":{"type":"constant"},"value":{"type":"variable","value":"lesdatas.autocomplete"}},"reference":"b8a93443-7fef-4ba1-990e-686bb6726e96","id":"pbAutocomplete"}],[{"type":"component","dimension":{"lg":12,"md":12,"sm":12,"xs":12},"propertyValues":{"cssClasses":{"type":"constant","value":""},"hidden":{"type":"constant","value":false},"disabled":{"type":"constant","value":false},"required":{"type":"constant","value":true},"labelHidden":{"type":"constant","value":false},"label":{"type":"interpolation","value":"select"},"labelPosition":{"type":"constant","value":"top"},"labelWidth":{"type":"constant","value":4},"placeholder":{"type":"interpolation","value":"Select an option"},"availableValues":{"type":"constant","value":["yes","no","maybe"]},"displayedKey":{"type":"constant"},"returnedKey":{"type":"constant"},"value":{"type":"variable","value":"lesdatas.select"}},"reference":"c6dc0d3e-469b-4ac3-806e-52643800eaeb","id":"pbSelect"}],[{"type":"component","dimension":{"lg":12,"md":12,"sm":12,"xs":12},"propertyValues":{"cssClasses":{"type":"constant","value":""},"hidden":{"type":"constant","value":false},"disabled":{"type":"constant","value":false},"inline":{"type":"constant","value":false},"labelHidden":{"type":"constant","value":false},"label":{"type":"interpolation","value":"checklist"},"labelPosition":{"type":"constant","value":"top"},"labelWidth":{"type":"constant","value":4},"availableValues":{"type":"constant","value":["green","red","blue"]},"displayedKey":{"type":"constant"},"returnedKey":{"type":"constant"},"selectedValues":{"type":"variable","value":"lesdatas.checklist"}},"reference":"240eb95d-f937-496c-bfdd-198b05d267aa","id":"pbChecklist"}],[{"type":"component","dimension":{"lg":12,"md":12,"sm":12,"xs":12},"propertyValues":{"cssClasses":{"type":"constant","value":""},"hidden":{"type":"constant","value":false},"disabled":{"type":"constant","value":false},"required":{"type":"constant","value":true},"labelHidden":{"type":"constant","value":false},"label":{"type":"interpolation","value":"radio"},"labelPosition":{"type":"constant","value":"top"},"labelWidth":{"type":"constant","value":4},"inline":{"type":"constant","value":false},"availableValues":{"type":"constant","value":["yes","no"]},"displayedKey":{"type":"constant"},"returnedKey":{"type":"constant"},"selectedValue":{"type":"variable","value":"lesdatas.radio"}},"reference":"50d86a0f-9361-40c2-b005-d76558217078","id":"pbRadioButtons"}],[{"type":"component","dimension":{"lg":12,"md":12,"sm":12,"xs":12},"propertyValues":{"cssClasses":{"type":"constant","value":""},"hidden":{"type":"constant","value":false},"disabled":{"type":"constant","value":false},"required":{"type":"constant","value":true},"label":{"type":"interpolation","value":"checkbox"},"value":{"type":"variable","value":"lesdatas.checkbox"}},"reference":"b90cd464-251e-4fd1-9180-d5be8325f5ff","id":"pbCheckbox"}],[{"type":"component","dimension":{"lg":12,"md":12,"sm":12,"xs":12},"propertyValues":{"cssClasses":{"type":"constant","value":""},"hidden":{"type":"constant","value":false},"readOnly":{"type":"constant","value":false},"required":{"type":"constant","value":true},"labelHidden":{"type":"constant","value":false},"label":{"type":"interpolation","value":"Date"},"labelPosition":{"type":"constant","value":"top"},"labelWidth":{"type":"constant","value":4},"placeholder":{"type":"interpolation","value":"MM/dd/yyyy"},"value":{"type":"variable","value":"lesdatas.date"},"dateFormat":{"type":"constant","value":"MM/dd/yyyy"}},"reference":"414927a3-9824-473d-b7bd-5baa929dbbc5","id":"pbDatePicker"}],[{"type":"component","dimension":{"lg":12,"md":12,"sm":12,"xs":12},"propertyValues":{"cssClasses":{"type":"constant","value":""},"hidden":{"type":"expression","value":"$form.$invalid"},"disabled":{"type":"constant","value":false},"label":{"type":"interpolation","value":"Submit"},"alignment":{"type":"constant","value":"center"},"buttonStyle":{"type":"constant","value":"success"},"action":{"type":"constant","value":"Submit task"},"url":{"type":"interpolation"},"dataToSend":{"type":"constant"},"dataFromSuccess":{"type":"variable"},"dataFromError":{"type":"variable"},"targetUrlOnSuccess":{"type":"interpolation"},"collectionToModify":{"type":"variable"},"collectionPosition":{"type":"constant","value":"Last"},"valueToAdd":{"type":"constant"},"removeItem":{"type":"variable"}},"reference":"75b21fe4-70ac-45e4-bac0-25ee62c3b1e2","id":"pbButton"}],[{"type":"component","dimension":{"lg":12,"md":12,"sm":12,"xs":12},"propertyValues":{"cssClasses":{"type":"constant","value":""},"hidden":{"type":"constant","value":false},"value":{"type":"variable","value":"$form"}},"reference":"bf49f277-0425-42d0-a5ec-91b3a1e8490b","id":"customTraceError"}]]}}]],"assets":[{"id":"5010619f-04dd-4b58-beb5-1f60cb257df6","name":"localization.json","type":"json","order":0,"active":true},{"id":"6932f29a-5d53-4982-b071-f3bf7201dcc3","name":"BonitaLib.js","type":"js","order":1,"active":true}],"inactiveAssets":[],"data":{"lesdatas":{"type":"json","value":"{\r\n    \"number\" : null,\r\n    \"number2\" : null,\r\n    \"email\" : null,\r\n    \"require\" : null,\r\n    \"textArea\" : null,\r\n    \"autocomplete\" : null,\r\n    \"select\" : null,\r\n    \"checklist\" : null,\r\n    \"radio\" : null,\r\n    \"checkbox\" : null,\r\n    \"date\" : null\r\n}","exposed":false}}}